<application>
  <component name="LocalDatabaseDriverManager" version="201">
    <driver id="mariadb">
      <artifact id="MariaDB Connector J" name="MariaDB Connector J" use="true" version="2.7.3" />
    </driver>
    <driver id="oracle.19">
      <artifact id="Oracle" name="Oracle" use="true" version="21.1.0.0" />
    </driver>
    <driver id="oracle">
      <artifact id="Oracle" name="Oracle" use="true" version="11.2.0.4" />
    </driver>
    <driver id="postgresql">
      <artifact id="PostgreSQL" name="PostgreSQL" use="true" version="42.2.5" />
    </driver>
    <driver id="greenplum">
      <artifact id="PostgreSQL" name="PostgreSQL" use="true" version="42.2.5" />
    </driver>
  </component>
</application>