<application>
  <component name="sonar-resources-application-component">
    <option name="sonarResourcesBySonarServerName">
      <map>
        <entry key="SonarQube">
          <value>
            <list>
              <Resource>
                <option name="key" value="efront.bjliu.practice:practice_java" />
                <option name="name" value="JAVA-PRACYICE_BJLIU" />
                <option name="qualifier" value="TRK" />
              </Resource>
              <Resource>
                <option name="key" value="com.travelsky.gds.datastar:datastar-realtime" />
                <option name="name" value="datastar-realtime" />
                <option name="qualifier" value="TRK" />
              </Resource>
              <Resource>
                <option name="key" value="com.travelsky.gds.datastar:datastar-realtime-core" />
                <option name="name" value="datastar-realtime-core" />
                <option name="qualifier" value="BRC" />
              </Resource>
              <Resource>
                <option name="key" value="com.travelsky.gds.datastar:datastar-realtime-pnrdata" />
                <option name="name" value="datastar-realtime-pnrdata" />
                <option name="qualifier" value="BRC" />
              </Resource>
              <Resource>
                <option name="key" value="com.travelsky.gds.datastar:datastar-realtime-portrait" />
                <option name="name" value="datastar-realtime-portrait" />
                <option name="qualifier" value="BRC" />
              </Resource>
              <Resource>
                <option name="key" value="com.travelsky.gds.datastar:datastar-realtime-reservation" />
                <option name="name" value="datastar-realtime-reservation" />
                <option name="qualifier" value="BRC" />
              </Resource>
              <Resource>
                <option name="key" value="com.travelsky.gds.datastar:datastar-realtime-test" />
                <option name="name" value="datastar-realtime-test" />
                <option name="qualifier" value="BRC" />
              </Resource>
              <Resource>
                <option name="key" value="com.travelsky.gds.datastar:datastar-realtime-yuedao" />
                <option name="name" value="datastar-realtime-yuedao" />
                <option name="qualifier" value="BRC" />
              </Resource>
              <Resource>
                <option name="key" value="com.travelsky.csexam:sonarscan-bjliu-20210609092050" />
                <option name="name" value="sonarscan-bjliu-20210609092050" />
                <option name="qualifier" value="TRK" />
              </Resource>
            </list>
          </value>
        </entry>
      </map>
    </option>
  </component>
</application>